pm25,pm10,o3,hour,day,month,pm25_change
0.0,0.0,0.0,-11.112099477052688,-0.7240999352931976,0.0,0.0
